system,question_id,question_type,passed,trajectory_passed,latency_ms,input_tokens,output_tokens,total_tokens,cost,iterations,step_efficiency,termination_reason
agent,Q1,simple_factual,True,True,17381.76,947,442,1389,0.000204,3,1.0,completed
workflow,Q1,simple_factual,True,False,2767.73,947,442,1389,0.000204,4,1.5,completed
agent,Q2,simple_factual,True,True,3501.4,973,461,1434,0.000211,3,1.0,completed
workflow,Q2,simple_factual,True,False,2521.54,1126,552,1678,0.00025,4,1.5,completed
agent,Q3,simple_factual,True,True,3246.67,899,453,1352,0.000203,3,1.0,completed
workflow,Q3,simple_factual,True,False,2542.28,1052,544,1596,0.000242,4,1.5,completed
agent,Q4,multi_section,False,True,3509.84,1312,464,1776,0.000238,3,1.0,completed
workflow,Q4,multi_section,False,True,2485.95,1448,547,1995,0.000273,4,1.5,completed
agent,Q5,comparison,True,True,3313.41,806,442,1248,0.000193,3,1.0,completed
workflow,Q5,comparison,True,True,2465.29,806,442,1248,0.000193,4,1.5,completed
agent,Q6,multi_section,True,True,3283.48,863,442,1305,0.000197,3,1.0,completed
workflow,Q6,multi_section,True,True,2742.77,1146,534,1680,0.000246,4,1.5,completed
agent,Q7,comparison,True,True,3501.54,1133,477,1610,0.000228,3,1.0,completed
workflow,Q7,comparison,True,True,2623.86,1485,657,2142,0.000308,4,1.5,completed
agent,Q8,ambiguous,False,True,3321.07,1068,478,1546,0.000224,3,1.0,completed
workflow,Q8,ambiguous,True,True,3135.43,1220,579,1799,0.000265,4,1.5,completed
agent,Q9,query_refinement,True,False,3414.25,861,442,1303,0.000197,3,0.67,completed
workflow,Q9,query_refinement,True,True,2949.19,1014,534,1548,0.000236,4,1.0,completed
agent,Q10,multi_hop,True,False,3239.37,852,442,1294,0.000197,3,0.67,completed
workflow,Q10,multi_hop,True,True,2969.25,972,528,1500,0.000231,4,1.0,completed
